make,model_name
Mercedes-Benz,A-Class
Audi,A3
Audi,A3 Sportback e-tron
Audi,A4
Audi,A4 (2005.5)
Audi,A4 allroad
Audi,A5
Audi,A5 Sport
Audi,A6
Audi,A6 allroad
Audi,A7
Audi,A8
GMC,Acadia
GMC,Acadia Limited
Hyundai,Accent
Plymouth,Acclaim
Honda,Accord
Honda,Accord Crosstour
Honda,Accord Hybrid
Oldsmobile,Achieva
Suzuki,Aerio
Ford,Aerostar Cargo
Ford,Aerostar Passenger
Lucid,Air
Oldsmobile,Alero
Cadillac,Allante
Audi,allroad
BMW,Alpina B7
Nissan,Altima
Kia,Amanti
Isuzu,Amigo
Chevrolet,APV Cargo
Nissan,Armada
Bentley,Arnage
Volkswagen,Arteon
McLaren,Artura
Isuzu,Ascender
Subaru,Ascent
Chrysler,Aspen
Ford,Aspire
Saturn,Astra
Chevrolet,Astro Cargo
Chevrolet,Astro Passenger
Volkswagen,Atlas
Volkswagen,Atlas Cross Sport
Cadillac,ATS
Cadillac,ATS-V
Saturn,Aura
Oldsmobile,Aurora
Chevrolet,Avalanche
Chevrolet,Avalanche 1500
Chevrolet,Avalanche 2500
Toyota,Avalon
Toyota,Avalon Hybrid
Dodge,Avenger
Lamborghini,Aventador
Chevrolet,Aveo
Lincoln,Aviator
Isuzu,Axiom
Hyundai,Azera
Pontiac,Aztek
Bentley,Azure
Bentley,Azure T
Mercedes-Benz,B-Class
MAZDA,B-Series Cab Plus
MAZDA,B-Series Extended Cab
MAZDA,B-Series Regular Cab
Subaru,B9 Tribeca
Subaru,Baja
Volkswagen,Beetle
Bentley,Bentayga
Bentley,Bentayga EWB
Chevrolet,Beretta
Lincoln,Blackwood
Chevrolet,Blazer
Chevrolet,Bolt EUV
Chevrolet,Bolt EV
Pontiac,Bonneville
Kia,Borrego
Porsche,Boxster
Oldsmobile,Bravada
Plymouth,Breeze
Ford,Bronco
Ford,Bronco Sport
Bentley,Brooklands
Cadillac,Brougham
Subaru,BRZ
Toyota,bZ4X
Mercedes-Benz,C-Class
Toyota,C-HR
Ford,C-MAX Energi
Ford,C-MAX Hybrid
Ram,C/V
Ram,C/V Tradesman
Volvo,C30
Volvo,C40 Recharge
Volvo,C70
Volkswagen,Cabrio
Volkswagen,Cabrio (New)
Audi,Cabriolet
Volkswagen,Cabriolet
Kia,Cadenza
Dodge,Caliber
Ferrari,California
Chevrolet,Camaro
Toyota,Camry
Toyota,Camry Hybrid
GMC,Canyon Crew Cab
GMC,Canyon Extended Cab
GMC,Canyon Regular Cab
Mercury,Capri
Chevrolet,Caprice
Chevrolet,Caprice Classic
Chevrolet,Captiva Sport
Dodge,Caravan Cargo
Dodge,Caravan Passenger
Kia,Carnival
Porsche,Carrera GT
Buick,Cascada
Cadillac,Catera
Chevrolet,Cavalier
Porsche,Cayenne
Porsche,Cayenne Coupe
Porsche,Cayman
Volkswagen,CC
Toyota,Celica
Buick,Century
Dodge,Challenger
Daihatsu,Charade
Dodge,Charger
Jeep,Cherokee
Oldsmobile,Ciera
Chrysler,Cirrus
Chevrolet,City Express
Honda,Civic
Honda,Civic Type R
Acura,CL
Mercedes-Benz,CL-Class
Mercedes-Benz,CLA
Mercedes-Benz,CLA-Class
Honda,Clarity Plug-in Hybrid
Chevrolet,Classic
Mercedes-Benz,CLK-Class
Mercedes-Benz,CLS
Mercedes-Benz,CLS-Class
Ford,Club Wagon
MINI,Clubman
Chevrolet,Cobalt
Chevrolet,Colorado Crew Cab
Chevrolet,Colorado Extended Cab
Chevrolet,Colorado Regular Cab
Dodge,Colt
Plymouth,Colt
Plymouth,Colt Vista
Jeep,Comanche Regular Cab
Jeep,Commander
Jeep,Compass
Chrysler,Concorde
Bentley,Continental
Lincoln,Continental
Bentley,Continental GT
Bentley,Continental GTC
Ford,Contour
MINI,Convertible
MINI,Cooper
Toyota,Corolla
Toyota,Corolla Cross
Toyota,Corolla Hatchback
Toyota,Corolla Hybrid
Toyota,Corolla iM
Volkswagen,Corrado
Lincoln,Corsair
Chevrolet,Corsica
Chevrolet,Corvette
Mercury,Cougar
MINI,Countryman
Maserati,Coupe
MINI,Coupe
Honda,CR-V
Honda,CR-V Hybrid
Honda,CR-Z
Toyota,Cressida
Chrysler,Crossfire
Honda,Crosstour
Subaru,Crosstrek
Toyota,Crown
Ford,Crown Victoria
Chevrolet,Cruze
Chevrolet,Cruze Limited
Lexus,CT
Cadillac,CT4
Cadillac,CT5
Cadillac,CT6
Cadillac,CT6-V
Cadillac,CTS
Cadillac,CTS-V
Nissan,cube
Rolls-Royce,Cullinan
Oldsmobile,Custom Cruiser
Oldsmobile,Cutlass
Oldsmobile,Cutlass Ciera
Oldsmobile,Cutlass Cruiser
Oldsmobile,Cutlass Supreme
MAZDA,CX-3
MAZDA,CX-30
MAZDA,CX-5
MAZDA,CX-50
MAZDA,CX-7
MAZDA,CX-9
Dodge,D150 Club Cab
Dodge,D150 Regular Cab
Dodge,D250 Club Cab
Dodge,D250 Regular Cab
Dodge,D350 Club Cab
Dodge,D350 Regular Cab
Dodge,Dakota Club Cab
Dodge,Dakota Crew Cab
Ram,Dakota Crew Cab
Dodge,Dakota Extended Cab
Ram,Dakota Extended Cab
Dodge,Dakota Quad Cab
Dodge,Dakota Regular Cab
Dodge,Dart
Rolls-Royce,Dawn
Dodge,Daytona
Aston Martin,DB11
Aston Martin,DB9
Aston Martin,DB9 GT
Aston Martin,DBS
Aston Martin,DBS Superleggera
Aston Martin,DBX
Land Rover,Defender 110
Land Rover,Defender 130
Land Rover,Defender 90
Honda,del Sol
Cadillac,DeVille
Mitsubishi,Diamante
Land Rover,Discovery
Land Rover,Discovery Series II
Land Rover,Discovery Sport
Cadillac,DTS
Dodge,Durango
Dodge,Dynasty
Mercedes-Benz,E-Class
Volkswagen,e-Golf
Jaguar,E-PACE
Ford,E-Transit 350 Cargo Van
Audi,e-tron
Audi,e-tron GT
Audi,e-tron S
Audi,e-tron S Sportback
Audi,e-tron Sportback
Ford,E150 Cargo
Ford,E150 Passenger
Ford,E150 Super Duty Cargo
Ford,E150 Super Duty Passenger
Ford,E250 Cargo
Ford,E250 Super Duty Cargo
Ford,E350 Super Duty Cargo
Ford,E350 Super Duty Passenger
Toyota,Echo
Mitsubishi,Eclipse
Mitsubishi,Eclipse Cross
Ford,Econoline E150 Cargo
Ford,Econoline E150 Passenger
Ford,Econoline E250 Cargo
Ford,Econoline E350 Cargo
Ford,Econoline E350 Super Duty Cargo
Ford,Econoline E350 Super Duty Passenger
Ford,EcoSport
Ford,Edge
Hyundai,Elantra
Hyundai,Elantra GT
Hyundai,Elantra Hybrid
Hyundai,Elantra N
Cadillac,Eldorado
Genesis,Electrified G80
Honda,Element
Lotus,Elise
Cadillac,ELR
Buick,Enclave
Buick,Encore
Buick,Encore GX
Mitsubishi,Endeavor
Hyundai,Entourage
Buick,Envision
GMC,Envoy
GMC,Envoy XL
GMC,Envoy XUV
Volkswagen,Eos
Suzuki,Equator Crew Cab
Suzuki,Equator Extended Cab
Chevrolet,Equinox
Hyundai,Equus
Lexus,ES
Cadillac,Escalade
Cadillac,Escalade ESV
Cadillac,Escalade EXT
Ford,Escape
Ford,Escape Plug-in Hybrid
Ford,Escort
Panoz,Esperante
Suzuki,Esteem
Volkswagen,Eurovan
Kia,EV6
Lotus,Evora
Lotus,Evora 400
Lotus,Evora GT
INFINITI,EX
Hyundai,Excel
Ford,Excursion
Lotus,Exige
Lotus,Exige S
Ford,Expedition
Ford,Expedition EL
Ford,Expedition MAX
Ford,Explorer
Ford,Explorer Sport
Ford,Explorer Sport Trac
Mitsubishi,Expo
Chevrolet,Express 1500 Cargo
Chevrolet,Express 1500 Passenger
Chevrolet,Express 2500 Cargo
Chevrolet,Express 2500 Passenger
Chevrolet,Express 3500 Cargo
Chevrolet,Express 3500 Passenger
Jaguar,F-PACE
Jaguar,F-TYPE
Ferrari,F12berlinetta
Ford,F150 (Heritage) Regular Cab
Ford,F150 (Heritage) Super Cab
Ford,F150 Lightning
Ford,F150 Regular Cab
Ford,F150 Super Cab
Ford,F150 SuperCrew Cab
Ford,F250 Crew Cab
Ford,F250 Regular Cab
Ford,F250 Super Cab
Ford,F250 Super Duty Crew Cab
Ford,F250 Super Duty Regular Cab
Ford,F250 Super Duty Super Cab
Ford,F350 Crew Cab
Ford,F350 Regular Cab
Ford,F350 Super Cab
Ford,F350 Super Duty Crew Cab
Ford,F350 Super Duty Regular Cab
Ford,F350 Super Duty Super Cab
Ferrari,F430
Ford,F450 Super Duty Crew Cab
Ford,F450 Super Duty Regular Cab
Ferrari,F8
Ford,Festiva
Ferrari,FF
Ford,Fiesta
Chrysler,Fifth Ave
Pontiac,Firebird
Honda,Fit
Ford,Five Hundred
Toyota,FJ Cruiser
Cadillac,Fleetwood
Ford,Flex
Bentley,Flying Spur
Ford,Focus
Ford,Focus ST
Suzuki,Forenza
Subaru,Forester
Kia,Forte
Kia,Forte Koup
Kia,Forte5
smart,fortwo
smart,fortwo cabrio
smart,fortwo electric drive
smart,fortwo electric drive cabrio
smart,fortwo EQ cabrio
smart,fortwo EQ coupe
Volkswagen,Fox
Scion,FR-S
Land Rover,Freelander
Ford,Freestar Cargo
Ford,Freestar Passenger
Ford,Freestyle
Nissan,Frontier Crew Cab
Nissan,Frontier King Cab
Nissan,Frontier Regular Cab
Ford,Fusion
Ford,Fusion Energi
Ford,Fusion Plug-in Hybrid
INFINITI,FX
INFINITI,G
Mercedes-Benz,G-Class
Chevrolet,G-Series 1500
Chevrolet,G-Series 2500
Chevrolet,G-Series 3500
Chevrolet,G-Series G10
Chevrolet,G-Series G20
Chevrolet,G-Series G30
Pontiac,G3
Pontiac,G5
Pontiac,G6
Pontiac,G6 (2009.5)
Genesis,G70
Pontiac,G8
Genesis,G80
Genesis,G90
Mitsubishi,Galant
Lamborghini,Gallardo
Hyundai,Genesis
Hyundai,Genesis Coupe
Maserati,Ghibli
Rolls-Royce,Ghost
Alfa Romeo,Giulia
Mercedes-Benz,GL-Class
Mercedes-Benz,GLA
Mercedes-Benz,GLA-Class
Jeep,Gladiator
Mercedes-Benz,GLB
Mercedes-Benz,GLC
Mercedes-Benz,GLC Coupe
Mercedes-Benz,GLE
Mercedes-Benz,GLE Coupe
Volkswagen,GLI
Mercedes-Benz,GLK-Class
Mercedes-Benz,GLS
Volkswagen,Golf
Volkswagen,Golf (New)
Volkswagen,Golf Alltrack
Volkswagen,Golf GTI
Volkswagen,Golf III
Volkswagen,Golf R
Volkswagen,Golf SportWagen
Toyota,GR Supra
Toyota,GR86
Pontiac,Grand Am
Dodge,Grand Caravan Cargo
Dodge,Grand Caravan Passenger
Jeep,Grand Cherokee
Jeep,Grand Cherokee 4xe
Jeep,Grand Cherokee L
Mercury,Grand Marquis
Pontiac,Grand Prix
Suzuki,Grand Vitara
Chrysler,Grand Voyager
Plymouth,Grand Voyager
Jeep,Grand Wagoneer
Jeep,Grand Wagoneer L
Maserati,GranSport
Maserati,GranTurismo
Maserati,Grecale
Lexus,GS
Ford,GT
McLaren,GT
Nissan,GT-R
Ferrari,GTC4Lusso
Volkswagen,GTI
Volkswagen,GTI (New)
Pontiac,GTO
Genesis,GV60
Genesis,GV70
Genesis,GV80
Lexus,GX
HUMMER,H1
HUMMER,H2
HUMMER,H3
HUMMER,H3T
MINI,Hardtop
MINI,Hardtop 2 Door
MINI,Hardtop 4 Door
Chevrolet,HHR
Toyota,Highlander
Toyota,Highlander Hybrid
Isuzu,Hombre Regular Cab
Isuzu,Hombre Spacecab
Honda,HR-V
Lexus,HS
GMC,HUMMER EV Pickup
Lamborghini,Huracan
INFINITI,I
Isuzu,i-280 Extended Cab
Isuzu,i-290 Extended Cab
Isuzu,i-350 Crew Cab
Isuzu,i-370 Crew Cab
Isuzu,i-370 Extended Cab
Mitsubishi,i-MiEV
Jaguar,I-PACE
BMW,i3
BMW,i4
BMW,i7
BMW,i8
Scion,iA
Volkswagen,ID.4
Acura,ILX
Scion,iM
Chevrolet,Impala
Chevrolet,Impala Limited
Chrysler,Imperial
Subaru,Impreza
Isuzu,Impulse
Honda,Insight
Acura,Integra
Dodge,Intrepid
Oldsmobile,Intrigue
Saturn,Ion
Hyundai,IONIQ 5
Hyundai,Ioniq Electric
Hyundai,Ioniq Hybrid
Hyundai,Ioniq Plug-in Hybrid
Scion,iQ
Lexus,IS
Lexus,IS F
BMW,iX
INFINITI,J
Volkswagen,Jetta
Volkswagen,Jetta (New)
Volkswagen,Jetta GLI
Volkswagen,Jetta III
Volkswagen,Jetta SportWagen
GMC,Jimmy
Dodge,Journey
Nissan,JUKE
Subaru,Justy
INFINITI,JX
Kia,K5
Kia,K900
Fisker,Karma
Nissan,Kicks
Nissan,King Cab
Suzuki,Kizashi
Hyundai,Kona
Hyundai,Kona Electric
Hyundai,Kona N
Saturn,L-Series
Buick,LaCrosse
Mitsubishi,Lancer
Mitsubishi,Lancer Evolution
Toyota,Land Cruiser
Daewoo,Lanos
Plymouth,Laser
Lexus,LC
Nissan,LEAF
Chrysler,LeBaron
Subaru,Legacy
Daewoo,Leganza
Acura,Legend
Pontiac,LeMans
Buick,LeSabre
Maserati,Levante
Lexus,LFA
Chrysler,LHS
Jeep,Liberty
Subaru,Loyale
Land Rover,LR2
Land Rover,LR3
Land Rover,LR4
Lexus,LS
Lincoln,LS
Oldsmobile,LSS
Buick,Lucerne
Chevrolet,Lumina
Chevrolet,Lumina APV
Chevrolet,Lumina Cargo
Chevrolet,Lumina Passenger
Lexus,LX
Cadillac,LYRIQ
BMW,M
INFINITI,M
Mercedes-Benz,M-Class
BMW,M2
BMW,M3
BMW,M4
BMW,M5
BMW,M6
BMW,M8
Porsche,Macan
Dodge,Magnum
Chevrolet,Malibu
Chevrolet,Malibu (Classic)
Chevrolet,Malibu Limited
Mercury,Marauder
Mercury,Mariner
Lincoln,Mark LT
Lincoln,Mark VII
Lincoln,Mark VIII
Toyota,Matrix
Ford,Maverick
Nissan,Maxima
MAZDA,MAZDA2
MAZDA,MAZDA3
MAZDA,MAZDA5
MAZDA,MAZDA6
Maserati,MC20
Acura,MDX
Acura,MDX Sport Hybrid
Mercedes-Benz,Mercedes-AMG A-Class
Mercedes-Benz,Mercedes-AMG C-Class
Mercedes-Benz,Mercedes-AMG CLA
Mercedes-Benz,Mercedes-AMG CLS
Mercedes-Benz,Mercedes-AMG E-Class
Mercedes-Benz,Mercedes-AMG EQE
Mercedes-Benz,Mercedes-AMG EQS
Mercedes-Benz,Mercedes-AMG G-Class
Mercedes-Benz,Mercedes-AMG GLA
Mercedes-Benz,Mercedes-AMG GLB
Mercedes-Benz,Mercedes-AMG GLC
Mercedes-Benz,Mercedes-AMG GLC Coupe
Mercedes-Benz,Mercedes-AMG GLE
Mercedes-Benz,Mercedes-AMG GLE Coupe
Mercedes-Benz,Mercedes-AMG GLS
Mercedes-Benz,Mercedes-AMG GT
Mercedes-Benz,Mercedes-AMG S-Class
Mercedes-Benz,Mercedes-AMG SL
Mercedes-Benz,Mercedes-AMG SLC
Mercedes-Benz,Mercedes-AMG SLK
Mercedes-Benz,Mercedes-EQ EQB
Mercedes-Benz,Mercedes-EQ EQE
Mercedes-Benz,Mercedes-EQ EQE SUV
Mercedes-Benz,Mercedes-EQ EQS
Mercedes-Benz,Mercedes-EQ EQS SUV
Mercedes-Benz,Mercedes-Maybach GLS
Mercedes-Benz,Mercedes-Maybach S 600
Mercedes-Benz,Mercedes-Maybach S-Class
Mercedes-Benz,Metris Cargo
Mercedes-Benz,Metris Passenger
Mercedes-Benz,Metris WORKER Cargo
Mercedes-Benz,Metris WORKER Passenger
Chevrolet,Metro
Geo,Metro
Mitsubishi,Mighty Max Macro Cab
Mitsubishi,Mighty Max Regular Cab
Mercury,Milan
MAZDA,Millenia
Mitsubishi,Mirage
Mitsubishi,Mirage G4
Toyota,Mirai
Lincoln,MKC
Lincoln,MKS
Lincoln,MKT
Lincoln,MKX
Lincoln,MKZ
Tesla,Model 3
Tesla,Model S
Tesla,Model X
Tesla,Model Y
Dodge,Monaco
Pontiac,Montana
Pontiac,Montana SV6
Chevrolet,Monte Carlo
Mercury,Montego
Mercury,Monterey
Mitsubishi,Montero
Mitsubishi,Montero Sport
Mercury,Mountaineer
McLaren,MP4-12C
MAZDA,MPV
Toyota,MR2
Bentley,Mulsanne
Nissan,Murano
Lamborghini,Murcielago
Lamborghini,Murcielago LP640
Ford,Mustang
Ford,Mustang MACH-E
MAZDA,MX-3
MAZDA,MX-30
MAZDA,MX-5 Miata
MAZDA,MX-5 Miata RF
MAZDA,MX-6
Mercury,Mystique
Lincoln,Nautilus
MAZDA,Navajo
Lincoln,Navigator
Lincoln,Navigator L
Dodge,Neon
Plymouth,Neon
Volkswagen,New Beetle
Chrysler,New Yorker
Hyundai,NEXO
Kia,Niro
Kia,Niro EV
Kia,Niro Plug-in Hybrid
Dodge,Nitro
Acura,NSX
Daewoo,Nubira
Nissan,NV1500 Cargo
Nissan,NV200
Nissan,NV200 Taxi
Nissan,NV2500 HD Cargo
Nissan,NV3500 HD Cargo
Nissan,NV3500 HD Passenger
Lexus,NX
Nissan,NX
Isuzu,Oasis
Honda,Odyssey
Kia,Optima
Kia,Optima (2006.5)
Kia,Optima Hybrid
Kia,Optima Plug-in Hybrid
Subaru,Outback
Mitsubishi,Outlander
Mitsubishi,Outlander PHEV
Mitsubishi,Outlander Sport
Saturn,Outlook
McLaren,P1
MINI,Paceman
Chrysler,Pacifica
Chrysler,Pacifica Hybrid
Hyundai,Palisade
Porsche,Panamera
Buick,Park Avenue
Toyota,Paseo
Volkswagen,Passat
Volkswagen,Passat (New)
Honda,Passport
Nissan,Pathfinder
Nissan,Pathfinder Armada
Jeep,Patriot
Volkswagen,Phaeton
Rolls-Royce,Phantom
Honda,Pilot
Ferrari,Portofino
Ferrari,Portofino M
Mitsubishi,Precis
Honda,Prelude
Eagle,Premier
Toyota,Previa
Toyota,Prius
Toyota,Prius c
Toyota,Prius Plug-in Hybrid
Toyota,Prius Prime
Toyota,Prius v
Chevrolet,Prizm
Geo,Prizm
Ford,Probe
Ram,ProMaster 1500 Cargo
Ram,ProMaster 2500 Cargo
Ram,ProMaster 3500 Cargo
Ram,ProMaster Cargo Van
Ram,ProMaster City
Ram,ProMaster Window Van
MAZDA,Protege
MAZDA,Protege5
Chrysler,Prowler
Plymouth,Prowler
Chrysler,PT Cruiser
INFINITI,Q
Audi,Q3
Audi,Q4 e-tron
Audi,Q4 Sportback e-tron
INFINITI,Q40
Audi,Q5
Audi,Q5 Sportback
INFINITI,Q50
INFINITI,Q60
Audi,Q7
INFINITI,Q70
Audi,Q8
Audi,Quattro
Maserati,Quattroporte
Nissan,Quest
INFINITI,QX
INFINITI,QX30
INFINITI,QX50
INFINITI,QX55
INFINITI,QX60
INFINITI,QX70
INFINITI,QX80
Mercedes-Benz,R-Class
Rivian,R1S
Rivian,R1T
Volkswagen,R32
Audi,R8
Volkswagen,Rabbit
Mitsubishi,Raider Double Cab
Mitsubishi,Raider Extended Cab
Buick,Rainier
GMC,Rally Wagon 1500
GMC,Rally Wagon 2500
GMC,Rally Wagon 3500
GMC,Rally Wagon G2500
GMC,Rally Wagon G3500
Dodge,Ram 1500 Club Cab
Dodge,Ram 1500 Crew Cab
Dodge,Ram 1500 Mega Cab
Dodge,Ram 1500 Quad Cab
Dodge,Ram 1500 Regular Cab
Dodge,Ram 2500 Club Cab
Dodge,Ram 2500 Crew Cab
Dodge,Ram 2500 Mega Cab
Dodge,Ram 2500 Quad Cab
Dodge,Ram 2500 Regular Cab
Dodge,Ram 3500 Club Cab
Dodge,Ram 3500 Crew Cab
Dodge,Ram 3500 Mega Cab
Dodge,Ram 3500 Quad Cab
Dodge,Ram 3500 Regular Cab
Dodge,Ram 50 Regular Cab
Dodge,Ram Van 1500
Dodge,Ram Van 2500
Dodge,Ram Van 3500
Dodge,Ram Van B150
Dodge,Ram Van B250
Dodge,Ram Van B350
Dodge,Ram Wagon 1500
Dodge,Ram Wagon 2500
Dodge,Ram Wagon 3500
Dodge,Ram Wagon B150
Dodge,Ram Wagon B250
Dodge,Ram Wagon B350
Dodge,Ramcharger
Land Rover,Range Rover
Land Rover,Range Rover Evoque
Land Rover,Range Rover Sport
Land Rover,Range Rover Velar
Ford,Ranger Regular Cab
Ford,Ranger Super Cab
Ford,Ranger SuperCab
Ford,Ranger SuperCrew
Aston Martin,Rapide
Aston Martin,Rapide S
Toyota,RAV4
Toyota,RAV4 Hybrid
Toyota,RAV4 Prime
Lexus,RC
Acura,RDX
Buick,Regal
Buick,Regal Sportback
Buick,Regal TourX
Oldsmobile,Regency
Isuzu,Regular Cab
Nissan,Regular Cab
Toyota,Regular Cab
Saturn,Relay
Buick,Rendezvous
Jeep,Renegade
Suzuki,Reno
Honda,Ridgeline
Kia,Rio
Buick,Riviera
Acura,RL
Acura,RLX
Acura,RLX Sport Hybrid
Buick,Roadmaster
MINI,Roadster
Daihatsu,Rocky
Isuzu,Rodeo
Isuzu,Rodeo Sport
Nissan,Rogue
Nissan,Rogue Select
Nissan,Rogue Sport
Ferrari,Roma
Kia,Rondo
Volkswagen,Routan
Audi,RS 3
Audi,RS 4
Audi,RS 5
Audi,RS 6
Audi,RS 7
Audi,RS e-tron GT
Audi,RS Q8
Acura,RSX
Lexus,RX
MAZDA,RX-7
MAZDA,RX-8
Mercedes-Benz,S-Class
Saturn,S-Series
Jaguar,S-Type
Chevrolet,S10 Blazer
Chevrolet,S10 Crew Cab
Chevrolet,S10 Extended Cab
Chevrolet,S10 Regular Cab
Honda,S2000
Audi,S3
Audi,S4
Audi,S4 (2005.5)
Volvo,S40
Volvo,S40 (New)
Audi,S5
Audi,S6
Volvo,S60
Audi,S7
Volvo,S70
Audi,S8
Volvo,S80
Volvo,S90
Mercury,Sable
GMC,Safari Cargo
GMC,Safari Passenger
Suzuki,Samurai
Hyundai,Santa Cruz
Hyundai,Santa Fe
Hyundai,Santa Fe Hybrid
Hyundai,Santa Fe Plug-in Hybrid
Hyundai,Santa Fe Sport
Hyundai,Santa Fe XL
GMC,Savana 1500 Cargo
GMC,Savana 1500 Passenger
GMC,Savana 2500 Cargo
GMC,Savana 2500 Passenger
GMC,Savana 3500 Cargo
GMC,Savana 3500 Passenger
Lexus,SC
Hyundai,Scoupe
Chrysler,Sebring
Kia,Sedona
Kia,Seltos
Nissan,Sentra
Kia,Sephia
Toyota,Sequoia
Cadillac,Seville
Ferrari,SF90
Dodge,Shadow
Suzuki,Sidekick
Toyota,Sienna
GMC,Sierra (Classic) 1500 Crew Cab
GMC,Sierra (Classic) 1500 Extended Cab
GMC,Sierra (Classic) 1500 HD Crew Cab
GMC,Sierra (Classic) 1500 Regular Cab
GMC,Sierra (Classic) 2500 Crew Cab
GMC,Sierra (Classic) 2500 HD Crew Cab
GMC,Sierra (Classic) 2500 HD Extended Cab
GMC,Sierra (Classic) 2500 HD Regular Cab
GMC,Sierra (Classic) 3500 Crew Cab
GMC,Sierra (Classic) 3500 Extended Cab
GMC,Sierra (Classic) 3500 Regular Cab
GMC,Sierra 1500 Crew Cab
GMC,Sierra 1500 Double Cab
GMC,Sierra 1500 Extended Cab
GMC,Sierra 1500 HD Crew Cab
GMC,Sierra 1500 Limited Crew Cab
GMC,Sierra 1500 Limited Double Cab
GMC,Sierra 1500 Limited Regular Cab
GMC,Sierra 1500 Regular Cab
GMC,Sierra 2500 Crew Cab
GMC,Sierra 2500 Extended Cab
GMC,Sierra 2500 HD Crew Cab
GMC,Sierra 2500 HD Double Cab
GMC,Sierra 2500 HD Extended Cab
GMC,Sierra 2500 HD Regular Cab
GMC,Sierra 2500 Regular Cab
GMC,Sierra 3500 Crew Cab
GMC,Sierra 3500 Extended Cab
GMC,Sierra 3500 HD Crew Cab
GMC,Sierra 3500 HD Double Cab
GMC,Sierra 3500 HD Extended Cab
GMC,Sierra 3500 HD Regular Cab
GMC,Sierra 3500 Regular Cab
Oldsmobile,Silhouette
Chevrolet,Silverado (Classic) 1500 Crew Cab
Chevrolet,Silverado (Classic) 1500 Extended Cab
Chevrolet,Silverado (Classic) 1500 HD Crew Cab
Chevrolet,Silverado (Classic) 1500 Regular Cab
Chevrolet,Silverado (Classic) 2500 HD Crew Cab
Chevrolet,Silverado (Classic) 2500 HD Extended Cab
Chevrolet,Silverado (Classic) 2500 HD Regular Cab
Chevrolet,Silverado (Classic) 3500 Crew Cab
Chevrolet,Silverado (Classic) 3500 Extended Cab
Chevrolet,Silverado (Classic) 3500 Regular Cab
Chevrolet,Silverado 1500 Crew Cab
Chevrolet,Silverado 1500 Double Cab
Chevrolet,Silverado 1500 Extended Cab
Chevrolet,Silverado 1500 HD Crew Cab
Chevrolet,Silverado 1500 Limited Crew Cab
Chevrolet,Silverado 1500 Limited Double Cab
Chevrolet,Silverado 1500 Limited Regular Cab
Chevrolet,Silverado 1500 Regular Cab
Chevrolet,Silverado 2500 Crew Cab
Chevrolet,Silverado 2500 Extended Cab
Chevrolet,Silverado 2500 HD Crew Cab
Chevrolet,Silverado 2500 HD Double Cab
Chevrolet,Silverado 2500 HD Extended Cab
Chevrolet,Silverado 2500 HD Regular Cab
Chevrolet,Silverado 2500 Regular Cab
Chevrolet,Silverado 3500 Crew Cab
Chevrolet,Silverado 3500 Extended Cab
Chevrolet,Silverado 3500 HD Crew Cab
Chevrolet,Silverado 3500 HD Double Cab
Chevrolet,Silverado 3500 HD Extended Cab
Chevrolet,Silverado 3500 HD Regular Cab
Chevrolet,Silverado 3500 Regular Cab
Cadillac,Sixty Special
Saturn,SKY
Buick,Skylark
Mercedes-Benz,SL
Mercedes-Benz,SL-Class
Mercedes-Benz,SLC
Mercedes-Benz,SLK
Mercedes-Benz,SLK-Class
Mercedes-Benz,SLR McLaren
Mercedes-Benz,SLS-Class
Acura,SLX
Toyota,Solara
Pontiac,Solstice
Hyundai,Sonata
Hyundai,Sonata Hybrid
Hyundai,Sonata Plug-in Hybrid
Chevrolet,Sonic
GMC,Sonoma Club Cab
GMC,Sonoma Club Coupe Cab
GMC,Sonoma Crew Cab
GMC,Sonoma Extended Cab
GMC,Sonoma Regular Cab
Kia,Sorento
Kia,Sorento Hybrid
Kia,Sorento Plug-in Hybrid
Kia,Soul
Kia,Soul EV
Isuzu,Spacecab
Chevrolet,Spark
Chevrolet,Spark EV
Kia,Spectra
Alfa Romeo,Spider
Dodge,Spirit
Kia,Sportage
Kia,Sportage Hybrid
Kia,Sportage Plug-in Hybrid
Chevrolet,Sportvan G10
Chevrolet,Sportvan G20
Chevrolet,Sportvan G30
Freightliner,Sprinter 1500 Cargo
Mercedes-Benz,Sprinter 1500 Cargo
Freightliner,Sprinter 1500 Passenger
Mercedes-Benz,Sprinter 1500 Passenger
Dodge,Sprinter 2500 Cargo
Freightliner,Sprinter 2500 Cargo
Mercedes-Benz,Sprinter 2500 Cargo
Freightliner,Sprinter 2500 Crew
Mercedes-Benz,Sprinter 2500 Crew
Dodge,Sprinter 2500 Passenger
Freightliner,Sprinter 2500 Passenger
Mercedes-Benz,Sprinter 2500 Passenger
Dodge,Sprinter 3500 Cargo
Freightliner,Sprinter 3500 Cargo
Mercedes-Benz,Sprinter 3500 Cargo
Freightliner,Sprinter 3500 Crew
Mercedes-Benz,Sprinter 3500 Crew
Mercedes-Benz,Sprinter 3500 XD Cargo
Freightliner,Sprinter 3500 XD Crew
Mercedes-Benz,Sprinter 3500 XD Crew
Freightliner,Sprinter 3500XD Cargo
Freightliner,Sprinter 4500 Cargo
Mercedes-Benz,Sprinter 4500 Cargo
Freightliner,Sprinter 4500 Crew
Mercedes-Benz,Sprinter 4500 Crew
Freightliner,Sprinter WORKER Cargo
Mercedes-Benz,Sprinter WORKER Cargo
Freightliner,Sprinter WORKER Passenger
Mercedes-Benz,Sprinter WORKER Passenger
Maserati,Spyder
Audi,SQ5
Audi,SQ5 Sportback
Audi,SQ7
Audi,SQ8
Cadillac,SRX
Chevrolet,SS
Chevrolet,SSR
Nissan,Stanza
Dodge,Stealth
Alfa Romeo,Stelvio
Kia,Stinger
Geo,Storm
Dodge,Stratus
Cadillac,STS
Isuzu,Stylus
Chevrolet,Suburban
Chevrolet,Suburban 1500
GMC,Suburban 1500
Chevrolet,Suburban 2500
GMC,Suburban 2500
Chevrolet,Suburban 3500HD
Eagle,Summit
Pontiac,Sunbird
Plymouth,Sundance
Pontiac,Sunfire
Toyota,Supra
Subaru,SVX
Suzuki,Swift
Suzuki,SX4
Toyota,T100 Regular Cab
Toyota,T100 Xtracab
Toyota,Tacoma Access Cab
Toyota,Tacoma Double Cab
Toyota,Tacoma Regular Cab
Toyota,Tacoma Xtracab
Chevrolet,Tahoe
Chevrolet,Tahoe (New)
Eagle,Talon
Volkswagen,Taos
Ford,Taurus
Ford,Taurus X
Porsche,Taycan
Porsche,Taycan Cross Turismo
Porsche,Taycan Sport Turismo
Scion,tC
Kia,Telluride
Ford,Tempo
Toyota,Tercel
GMC,Terrain
Buick,Terraza
Ford,Thunderbird
Hyundai,Tiburon
Volkswagen,Tiguan
Volkswagen,Tiguan Limited
Nissan,Titan Crew Cab
Nissan,Titan King Cab
Nissan,TITAN Single Cab
Nissan,TITAN XD Crew Cab
Nissan,TITAN XD King Cab
Nissan,TITAN XD Single Cab
Acura,TL
Acura,TLX
Mercury,Topaz
Oldsmobile,Toronado
Pontiac,Torrent
Volkswagen,Touareg
Volkswagen,Touareg 2
Chrysler,Town & Country
Lincoln,Town Car
Mercury,Tracer
Chevrolet,Tracker
Geo,Tracker
Chevrolet,Trailblazer
Pontiac,Trans Sport
Ford,Transit 150 Cargo Van
Ford,Transit 150 Crew Van
Ford,Transit 150 Passenger Van
Ford,Transit 150 Van
Ford,Transit 150 Wagon
Ford,Transit 250 Cargo Van
Ford,Transit 250 Crew Van
Ford,Transit 250 Van
Ford,Transit 350 Cargo Van
Ford,Transit 350 Crew Van
Ford,Transit 350 HD Cargo Van
Ford,Transit 350 HD Crew Van
Ford,Transit 350 HD Van
Ford,Transit 350 Passenger Van
Ford,Transit 350 Van
Ford,Transit 350 Wagon
Ford,Transit Connect Cargo
Ford,Transit Connect Cargo Van
Ford,Transit Connect Passenger
Ford,Transit Connect Passenger Wagon
Chevrolet,Traverse
Chevrolet,Trax
Subaru,Tribeca
MAZDA,Tribute
Isuzu,Trooper
Acura,TSX
Audi,TT
Hyundai,Tucson
Hyundai,Tucson Hybrid
Hyundai,Tucson Plug-in Hybrid
Toyota,Tundra Access Cab
Toyota,Tundra CrewMax
Toyota,Tundra Double Cab
Toyota,Tundra Hybrid CrewMax
Toyota,Tundra Regular Cab
Chevrolet,Uplander Cargo
Chevrolet,Uplander Passenger
Lamborghini,Urus
Lexus,UX
Volvo,V40
Volvo,V50
Volvo,V60
Volvo,V70
Volvo,V90
GMC,Vandura 1500
GMC,Vandura 2500
GMC,Vandura 3500
GMC,Vandura G1500
GMC,Vandura G2500
GMC,Vandura G3500
Aston Martin,Vanquish
Aston Martin,Vanquish S
Aston Martin,Vantage
Isuzu,VehiCROSS
Hyundai,Veloster
Chevrolet,Venture Cargo
Chevrolet,Venture Passenger
Hyundai,Venue
Toyota,Venza
Hyundai,Veracruz
Buick,Verano
Suzuki,Verona
Nissan,Versa
Nissan,Versa Note
Pontiac,Vibe
Acura,Vigor
Mercury,Villager
Dodge,Viper
SRT,Viper
Aston Martin,Virage
Eagle,Vision
Suzuki,Vitara
Chevrolet,Volt
Chrysler,Voyager
Plymouth,Voyager
Saturn,VUE
Jeep,Wagoneer
Jeep,Wagoneer L
Ford,Windstar Cargo
Ford,Windstar Passenger
Rolls-Royce,Wraith
Jeep,Wrangler
Jeep,Wrangler 4xe
Jeep,Wrangler Unlimited
Jeep,Wrangler Unlimited 4xe
Subaru,WRX
Suzuki,X-90
Jaguar,X-Type
BMW,X1
BMW,X2
BMW,X3
BMW,X3 M
BMW,X4
BMW,X4 M
BMW,X5
BMW,X5 M
BMW,X6
BMW,X6 M
BMW,X7
Scion,xA
Scion,xB
Volvo,XC40
Volvo,XC40 Recharge
Volvo,XC60
Volvo,XC70
Volvo,XC90
Scion,xD
Jaguar,XE
Jaguar,XF
Hyundai,XG300
Hyundai,XG350
Jaguar,XJ
Jaguar,XK
Suzuki,XL-7
Suzuki,XL7
Cadillac,XLR
BMW,XM
Cadillac,XT4
Cadillac,XT5
Cadillac,XT6
Nissan,Xterra
Toyota,Xtra Cab
Cadillac,XTS
Subaru,XV Crosstrek
Toyota,Yaris
Toyota,Yaris Hatchback
Toyota,Yaris iA
GMC,Yukon
GMC,Yukon Denali
GMC,Yukon XL
GMC,Yukon XL 1500
GMC,Yukon XL 2500
Nissan,Z
BMW,Z3
BMW,Z4
BMW,Z4 M
BMW,Z8
Acura,ZDX
Lincoln,Zephyr
Ford,ZX2
Polestar,1
BMW,1 Series
Audi,100
FIAT,124 Spider
Ram,1500 Classic Crew Cab
Ram,1500 Classic Quad Cab
Ram,1500 Classic Regular Cab
GMC,1500 Club Coupe
Ram,1500 Crew Cab
Chevrolet,1500 Extended Cab
Ram,1500 Quad Cab
Chevrolet,1500 Regular Cab
GMC,1500 Regular Cab
Ram,1500 Regular Cab
Alfa Romeo,164
Mercedes-Benz,190 E
Polestar,2
BMW,2 Series
Chrysler,200
Nissan,200SX
Volvo,240
Nissan,240SX
GMC,2500 Club Coupe
Chevrolet,2500 Crew Cab
GMC,2500 Crew Cab
Ram,2500 Crew Cab
Chevrolet,2500 Extended Cab
GMC,2500 HD Club Coupe
Chevrolet,2500 HD Extended Cab
GMC,2500 HD Extended Cab
Chevrolet,2500 HD Regular Cab
GMC,2500 HD Regular Cab
Ram,2500 Mega Cab
Chevrolet,2500 Regular Cab
GMC,2500 Regular Cab
Ram,2500 Regular Cab
Ferrari,296 GTB
BMW,3 Series
Chrysler,300
Mercedes-Benz,300 CE
Mercedes-Benz,300 D
Mercedes-Benz,300 E
Mercedes-Benz,300 SD
Mercedes-Benz,300 SE
Mercedes-Benz,300 SL
Mercedes-Benz,300 TE
Mitsubishi,3000GT
Chrysler,300M
Nissan,300ZX
MAZDA,323
GMC,3500 Club Coupe
Chevrolet,3500 Crew Cab
GMC,3500 Crew Cab
Ram,3500 Crew Cab
Chevrolet,3500 Extended Cab
GMC,3500 Extended Cab
Chevrolet,3500 HD Extended Cab
Chevrolet,3500 HD Regular Cab
Ram,3500 Mega Cab
Chevrolet,3500 Regular Cab
GMC,3500 Regular Cab
Ram,3500 Regular Cab
Nissan,350Z
Nissan,370Z
BMW,4 Series
Mercedes-Benz,400 E
Mercedes-Benz,400 SE
Mercedes-Benz,400 SEL
Ferrari,430 Scuderia
Ferrari,458 Italia
Ferrari,458 Speciale
Ferrari,458 Spider
Ferrari,488 GTB
Ferrari,488 Pista
Ferrari,488 Spider
Alfa Romeo,4C
Alfa Romeo,4C Spider
Toyota,4Runner
BMW,5 Series
FIAT,500
FIAT,500 Abarth
Mercedes-Benz,500 E
Mercedes-Benz,500 SEC
Mercedes-Benz,500 SEL
Mercedes-Benz,500 SL
FIAT,500c
FIAT,500c Abarth
FIAT,500e
FIAT,500L
FIAT,500X
Maybach,57
McLaren,570GT
McLaren,570S
Ferrari,599 GTB Fiorano
Ferrari,599 GTO
BMW,6 Series
Mercedes-Benz,600 SEC
Mercedes-Benz,600 SEL
Mercedes-Benz,600 SL
McLaren,600LT
Ferrari,612 Scaglietti
Maybach,62
MAZDA,626
McLaren,650S
McLaren,675LT
BMW,7 Series
Porsche,718 Boxster
Porsche,718 Cayman
Porsche,718 Spyder
McLaren,720S
Volvo,740
McLaren,765LT
BMW,8 Series
Audi,80
Ferrari,812 GTS
Ferrari,812 Superfast
Volvo,850
Toyota,86
Oldsmobile,88
Saab,9-2X
Saab,9-3
Saab,9-4X
Saab,9-5
Saab,9-7X
Audi,90
Saab,900
Saab,9000
Porsche,911
Porsche,918 Spyder
Porsche,928
MAZDA,929
Volvo,940
Volvo,960
Porsche,968
Oldsmobile,98
